동영상 ID,재생목록 동영상 생성 타임스탬프
I3kd3M2IRu4,2025-02-15T12:37:16+00:00
dLpz_r4v9TQ,2025-02-15T12:38:46+00:00
loKH41QiYhc,2025-02-15T12:39:37+00:00
3m8TUwfTCB0,2025-02-15T12:39:41+00:00
cDronJsvolM,2025-02-15T12:39:45+00:00
gMVw4pZO2jA,2025-02-15T12:39:48+00:00
3NNx0MHc6Mw,2025-02-15T12:39:52+00:00
jKu66k_Zky8,2025-02-15T12:39:55+00:00
0B_VNXUuUtU,2025-02-15T12:39:58+00:00
abXq0MM5Ayc,2025-02-15T12:40:00+00:00
fvo9Ao9UW1I,2025-02-15T12:40:03+00:00
aTxn1X7_sXc,2025-02-15T12:40:07+00:00
7Y8qCRIY3_Q,2025-02-15T12:40:10+00:00
73P5wbakVWA,2025-02-15T12:40:12+00:00
mjs2I1KJyFA,2025-02-15T12:40:15+00:00
j1Jyo-44IL8,2025-02-15T12:40:18+00:00
ZN2GY-sPshs,2025-02-15T12:40:21+00:00
B1KVyOMpku4,2025-02-15T12:40:25+00:00
zGBI1rOxyAM,2025-02-15T12:40:27+00:00
h-mjzepXdRA,2025-02-15T12:40:29+00:00
3o2mvFLL3So,2025-02-15T12:40:32+00:00
IDqmuOvbBCE,2025-02-15T12:40:34+00:00
SkAz_toKEyk,2025-02-15T12:40:37+00:00
cwWBPYPcyB4,2025-02-15T12:40:40+00:00
 -quUCPecvGk,2025-02-15T12:40:43+00:00
Dg6YnZ0Ec88,2025-02-15T12:40:45+00:00
5XIoO3RJ_jM,2025-02-15T12:40:48+00:00
tvRC9whNi_s,2025-02-15T12:40:51+00:00
li_WJJ5dbyc,2025-02-15T12:40:55+00:00
_V3pUMgvOF0,2025-02-15T12:40:58+00:00
ubRFgpUYRO8,2025-02-15T12:41:02+00:00
dAY0nfWffJk,2025-02-15T12:41:04+00:00
KyXNwDHr1k8,2025-02-15T12:41:06+00:00
MMeHjLV9ZSg,2025-02-15T12:41:09+00:00
W-DjjdTM_DI,2025-02-16T12:20:06+00:00
4p_zSDJgByI,2025-02-15T12:41:14+00:00
vgYeFw8ZKck,2025-02-15T12:41:16+00:00
FGpb4SYenfk,2025-02-15T12:41:22+00:00
YNGldFxFuUo,2025-02-15T12:41:25+00:00
G_SfsRYc1uE,2025-02-15T12:41:27+00:00
wdHVlZOT6Lw,2025-02-15T12:41:30+00:00
BQ4lN1BKLtM,2025-02-15T12:41:33+00:00
HWeiyu0kaGE,2025-02-15T12:41:35+00:00
v6r5xjnExFo,2025-02-15T12:41:38+00:00
N-HsdyYzSlE,2025-02-15T12:41:42+00:00
lK2LVOuNXTw,2025-02-15T12:41:44+00:00
A-xKAYPQQbY,2025-02-15T12:41:46+00:00
E_1nCkKzDSs,2025-02-15T12:41:49+00:00
tXky8Gv4c6Y,2025-02-15T12:41:53+00:00
43VoCGTTjhw,2025-02-15T12:41:55+00:00
kKtg2xOO1Ks,2025-02-15T12:41:59+00:00
US5IrqgCi0o,2025-02-15T12:42:02+00:00
Nt8k0YamcEo,2025-02-15T12:42:05+00:00
dXoVuXrsn0A,2025-02-15T12:42:07+00:00
jilXD2rn8pI,2025-02-15T12:42:20+00:00
q1l6rLKmeng,2025-02-15T12:42:22+00:00
sszU-uQkud0,2025-02-15T12:42:26+00:00
KU37krQEO-o,2025-02-15T12:42:29+00:00
Gk9MCXST1lM,2025-02-15T12:42:33+00:00
1aTJ39OSonc,2025-02-15T12:42:36+00:00
grm2f1VVYUQ,2025-02-15T12:42:38+00:00
Mv8nKL-F9GM,2025-02-15T12:42:42+00:00
zSjyFIzSIEA,2025-02-15T12:42:44+00:00
mijnupdKHNY,2025-02-15T12:42:49+00:00
Pv_7iVLrJ0Q,2025-02-15T12:42:51+00:00
G4dbLE993T4,2025-02-15T12:42:54+00:00
nuGd3Kdg3P0,2025-02-15T12:42:59+00:00
9LLHOFDmfi4,2025-02-15T12:43:03+00:00
zi4vGuGHml4,2025-02-15T12:43:05+00:00
 -UC6aGtVp1w,2025-02-15T12:43:08+00:00
dWzQoNRC1hc,2025-02-15T12:43:10+00:00
es7Sk-jVX0c,2025-02-15T12:43:13+00:00
WrBAfuSbkEQ,2025-02-15T12:43:20+00:00
1bschgPf51M,2025-02-15T12:43:23+00:00
GWyOqzqMA2Q,2025-02-15T12:43:27+00:00
viNrQm5x_fY,2025-02-15T12:43:30+00:00
qDsry8elitw,2025-02-15T12:43:40+00:00
WhcvpR64m2s,2025-02-15T12:43:44+00:00
AMlKUVbeH8g,2025-02-15T12:43:55+00:00
1FyM558holc,2025-02-15T12:43:57+00:00
iW8fuaBBUqs,2025-02-15T12:44:00+00:00
 -MedtPiwsNo,2025-02-15T12:44:06+00:00
xY7a4Hsx0q8,2025-02-15T12:44:09+00:00
VhHhOiKvA_Y,2025-02-15T12:44:13+00:00
F_RttKxkGck,2025-02-15T12:44:19+00:00
AR_Vw3yNrUw,2025-02-15T12:44:26+00:00
ghMv9b4wq2g,2025-02-15T12:44:31+00:00
7nBIOs_Jv7o,2025-02-15T12:44:32+00:00
2KKUXL39R_g,2025-02-15T12:44:35+00:00
f4Ro-ziZF_Y,2025-02-15T12:44:37+00:00
y7Wqev2QCUc,2025-02-15T12:44:41+00:00
oB8-FA2X1TI,2025-02-15T12:44:44+00:00
3zvqskmSVbs,2025-02-15T12:44:46+00:00
CWABQHHg8qw,2025-02-15T12:44:48+00:00
m6JH9XlrEEE,2025-02-15T12:44:51+00:00
fTwZNlF9K8E,2025-02-15T12:44:53+00:00
g6_M1wUQax4,2025-02-15T12:45:15+00:00
5NfWCrkLXGs,2025-02-15T12:45:19+00:00
7dm1hgGZWQo,2025-02-15T12:45:24+00:00
HoM6oOgvfUM,2025-02-15T12:45:28+00:00
hkiDCGs882U,2025-02-15T12:45:31+00:00
x3QEkUeuNQg,2025-02-15T12:45:41+00:00
uy-FojnOJBI,2025-02-15T12:45:43+00:00
iHAycyLZsJU,2025-02-15T12:45:50+00:00
ttuNDoe3pqI,2025-02-15T12:45:58+00:00
7NDJUFYhMu8,2025-02-15T12:46:01+00:00
QyCccd689ZM,2025-02-15T12:46:04+00:00
fWRi_KpMQWI,2025-02-15T12:46:06+00:00
JFJt9Z5daTE,2025-02-15T12:46:10+00:00
7duLz3epaSA,2025-02-15T12:46:12+00:00
F2bjuVFSfqY,2025-02-15T12:46:17+00:00
vWfzH4-LWMo,2025-02-15T12:46:20+00:00
8Cj4foWtgU4,2025-02-15T12:46:23+00:00
vNc01Wy_BKY,2025-02-15T12:46:25+00:00
ZHGOTrqf2KA,2025-02-15T12:46:29+00:00
PfARJPUSBkQ,2025-02-15T12:46:30+00:00
SS2DL3-6DX8,2025-02-15T12:46:34+00:00
qswYMTwsrDM,2025-02-15T12:46:36+00:00
0jkwq1BZB2o,2025-02-15T12:46:43+00:00
EyqpFUlDaBk,2025-02-15T12:46:46+00:00
4rjEIzhErlA,2025-02-15T12:46:50+00:00
mpkrjVpH3B0,2025-02-15T12:46:53+00:00
gXPW8Ij-Tx4,2025-02-15T12:46:56+00:00
0zo4x0P3KS8,2025-02-15T12:46:59+00:00
7Q4jVKSZKJs,2025-02-15T12:47:00+00:00
YXEwnZpZobM,2025-02-15T12:47:03+00:00
xuVyylqnUgQ,2025-02-15T12:47:05+00:00
7k0mwXpk95k,2025-02-15T12:47:08+00:00
wnbBy5SluJA,2025-02-15T12:47:10+00:00
aCoRhvXZmxA,2025-02-28T04:23:36+00:00
GcVJf87MgbQ,2025-03-17T10:10:07+00:00
uctkD2FWbd0,2025-04-30T10:06:27+00:00
_PWZ745uZok,2025-04-30T22:37:32+00:00
NeLSvKt4334,2025-05-20T14:32:08+00:00





